timestamp,frame_number,track_id,pose,pose_ru,bbox_x1,bbox_y1,bbox_x2,bbox_y2,num_visible_kps,total_people
2026-04-03 19:01:40.262,1,1,standing,Стоит,534.2,198.8,601.3,376.6,15,1
2026-04-03 19:01:40.354,2,1,standing,Стоит,535.3,199.4,601.4,376.8,15,1
2026-04-03 19:01:40.412,3,1,standing,Стоит,535.7,199.2,601.8,377.0,15,1
2026-04-03 19:01:40.474,4,1,standing,Стоит,535.6,198.5,602.6,376.5,15,1
2026-04-03 19:01:40.548,5,1,standing,Стоит,534.7,198.6,604.0,376.9,15,1
2026-04-03 19:01:40.609,6,1,standing,Стоит,535.1,198.7,605.1,377.1,15,1
2026-04-03 19:01:40.673,7,1,standing,Стоит,536.0,198.8,605.3,377.0,15,1
2026-04-03 19:01:40.733,8,1,standing,Стоит,536.4,198.5,605.5,376.4,15,1
2026-04-03 19:01:40.795,9,1,standing,Стоит,537.5,198.8,606.0,376.0,15,1
2026-04-03 19:01:40.859,10,1,standing,Стоит,538.9,198.9,606.5,375.3,15,1
2026-04-03 19:01:40.920,11,1,standing,Стоит,539.2,198.7,606.4,374.4,15,1
2026-04-03 19:01:40.979,12,1,standing,Стоит,539.0,198.5,606.1,374.0,15,1
2026-04-03 19:01:41.041,13,1,standing,Стоит,538.7,198.6,605.9,374.0,15,1
2026-04-03 19:01:41.104,14,1,standing,Стоит,538.7,199.0,605.8,375.0,15,1
2026-04-03 19:01:41.164,15,1,standing,Стоит,538.5,199.4,604.8,376.3,15,1
2026-04-03 19:01:41.225,16,1,standing,Стоит,538.2,199.5,603.6,377.1,15,1
2026-04-03 19:01:41.292,17,1,standing,Стоит,537.7,200.6,603.4,378.5,15,1
2026-04-03 19:01:41.349,18,1,standing,Стоит,536.4,201.2,603.2,378.7,15,1
2026-04-03 19:01:41.408,19,1,standing,Стоит,535.8,201.4,603.2,378.9,15,1
2026-04-03 19:01:41.470,20,1,standing,Стоит,535.3,202.2,603.7,379.3,15,1
2026-04-03 19:01:41.530,21,1,standing,Стоит,534.8,202.6,604.2,379.1,15,1
2026-04-03 19:01:41.579,22,1,standing,Стоит,534.9,203.4,604.6,379.4,15,1
2026-04-03 19:01:41.626,23,1,standing,Стоит,535.6,204.9,604.6,379.1,15,1
2026-04-03 19:01:41.688,24,1,standing,Стоит,536.3,205.4,604.0,378.2,15,1
2026-04-03 19:01:41.749,25,1,standing,Стоит,537.2,206.0,603.3,378.0,15,1
2026-04-03 19:01:41.810,26,1,standing,Стоит,537.2,206.3,602.1,378.3,15,1
2026-04-03 19:01:41.878,27,1,standing,Стоит,537.0,207.6,600.4,378.3,15,1
2026-04-03 19:01:41.933,28,1,standing,Стоит,536.8,209.3,599.4,378.5,15,1
2026-04-03 19:01:41.994,29,1,standing,Стоит,536.3,210.6,598.0,379.3,15,1
2026-04-03 19:01:42.056,30,1,standing,Стоит,536.4,211.0,596.8,377.1,15,1
2026-04-03 19:01:42.116,31,1,standing,Стоит,536.5,211.5,596.0,381.4,15,1
2026-04-03 19:01:42.164,32,1,standing,Стоит,536.5,211.5,595.0,383.7,15,1
2026-04-03 19:01:42.224,33,1,standing,Стоит,536.1,211.9,594.0,390.8,15,1
2026-04-03 19:01:42.284,34,1,standing,Стоит,533.9,212.2,593.7,395.9,15,1
2026-04-03 19:01:42.358,35,1,standing,Стоит,532.7,213.1,593.3,398.1,15,1
2026-04-03 19:01:42.416,36,1,standing,Стоит,531.0,214.6,592.7,400.3,15,1
2026-04-03 19:01:42.466,37,1,standing,Стоит,530.3,216.3,592.4,402.5,15,1
2026-04-03 19:01:42.512,38,1,standing,Стоит,529.5,217.7,592.3,403.8,15,1
2026-04-03 19:01:42.557,39,1,standing,Стоит,528.4,218.4,592.0,404.4,15,1
2026-04-03 19:01:42.603,40,1,standing,Стоит,528.0,219.7,591.6,405.5,15,1
2026-04-03 19:01:42.649,41,1,standing,Стоит,527.6,220.5,591.4,406.4,15,1
2026-04-03 19:01:42.710,42,1,standing,Стоит,527.3,220.9,591.0,408.1,15,1
2026-04-03 19:01:42.772,43,1,standing,Стоит,527.3,220.8,589.9,408.0,15,1
2026-04-03 19:01:42.835,44,1,standing,Стоит,526.9,220.6,588.7,408.1,15,1
2026-04-03 19:01:42.897,45,1,standing,Стоит,527.3,219.6,588.0,407.6,15,1
2026-04-03 19:01:42.954,46,1,standing,Стоит,529.8,219.1,587.8,408.0,15,1
2026-04-03 19:01:43.008,47,1,standing,Стоит,533.9,218.9,587.3,408.0,15,1
2026-04-03 19:01:43.074,48,1,standing,Стоит,533.8,218.8,587.1,408.2,15,1
2026-04-03 19:01:43.122,49,1,standing,Стоит,532.7,219.2,586.7,408.7,15,1
2026-04-03 19:01:43.168,50,1,standing,Стоит,530.6,219.3,586.4,409.2,15,1
2026-04-03 19:01:43.215,51,1,standing,Стоит,529.7,218.5,586.4,408.9,15,1
2026-04-03 19:01:43.274,52,1,standing,Стоит,528.4,217.4,585.5,407.6,15,1
2026-04-03 19:01:43.322,53,1,standing,Стоит,517.5,218.6,585.0,407.0,15,1
2026-04-03 19:01:43.369,54,1,standing,Стоит,513.9,219.9,584.8,405.7,15,1
2026-04-03 19:01:43.415,55,1,standing,Стоит,506.1,219.7,584.3,404.4,15,1
2026-04-03 19:01:43.476,56,1,standing,Стоит,504.6,219.6,584.3,402.8,14,1
2026-04-03 19:01:43.522,57,1,standing,Стоит,504.1,220.1,583.4,403.1,15,1
2026-04-03 19:01:43.567,58,1,standing,Стоит,483.8,219.9,582.5,402.6,15,1
2026-04-03 19:01:43.614,59,1,standing,Стоит,475.3,219.9,582.0,401.6,15,1
2026-04-03 19:01:43.662,60,1,standing,Стоит,470.1,219.7,582.0,399.9,15,1
2026-04-03 19:01:43.706,61,1,standing,Стоит,468.3,220.2,581.0,399.8,15,1
2026-04-03 19:01:43.755,62,1,standing,Стоит,462.6,220.9,579.7,399.6,15,1
2026-04-03 19:01:43.802,63,1,standing,Стоит,472.6,220.8,579.4,400.4,15,1
2026-04-03 19:01:43.849,64,1,standing,Стоит,465.2,222.6,578.2,401.7,15,1
2026-04-03 19:01:43.899,65,1,standing,Стоит,478.6,223.1,577.5,400.5,15,1
2026-04-03 19:01:43.964,66,1,standing,Стоит,485.2,224.8,576.9,398.3,13,1
2026-04-03 19:01:44.023,67,1,standing,Стоит,486.3,228.8,576.5,396.6,13,1
2026-04-03 19:01:44.069,68,1,standing,Стоит,484.3,229.6,575.9,395.8,13,1
2026-04-03 19:01:44.118,69,1,standing,Стоит,474.7,227.1,576.7,395.7,15,1
2026-04-03 19:01:44.179,70,1,standing,Стоит,469.1,226.3,576.9,394.6,13,1
2026-04-03 19:01:44.238,71,1,standing,Стоит,468.4,229.7,577.1,393.2,13,1
2026-04-03 19:01:44.284,72,1,standing,Стоит,470.3,233.7,577.1,391.5,13,1
2026-04-03 19:01:44.329,73,1,standing,Стоит,471.2,235.0,577.6,390.0,13,1
2026-04-03 19:01:44.376,74,1,standing,Стоит,452.8,229.8,577.9,389.9,15,1
2026-04-03 19:01:44.435,75,1,standing,Стоит,452.4,227.6,578.6,388.1,13,1
2026-04-03 19:01:44.482,76,1,standing,Стоит,442.5,223.2,578.3,385.6,15,1
2026-04-03 19:01:44.528,77,1,standing,Стоит,439.4,221.5,578.9,384.7,15,1
2026-04-03 19:01:44.579,78,1,standing,Стоит,433.1,218.3,578.2,384.3,16,1
2026-04-03 19:01:44.624,79,1,standing,Стоит,429.5,216.2,576.3,385.1,17,1
2026-04-03 19:01:44.670,80,1,standing,Стоит,427.8,214.2,574.3,384.0,17,1
2026-04-03 19:01:44.715,81,1,standing,Стоит,427.5,213.5,568.9,384.0,16,1
2026-04-03 19:01:44.765,82,1,standing,Стоит,427.3,213.3,565.0,384.1,15,1
2026-04-03 19:01:44.812,83,1,standing,Стоит,430.9,211.3,559.5,384.1,15,1
2026-04-03 19:01:44.859,84,1,standing,Стоит,434.8,211.5,554.3,384.2,16,1
2026-04-03 19:01:44.905,85,-1,no_detection,Нет людей,0,0,0,0,0,0
2026-04-03 19:01:44.967,86,1,standing,Стоит,470.5,224.2,539.6,383.3,13,1
2026-04-03 19:01:45.026,87,1,standing,Стоит,463.6,215.6,535.0,385.1,15,1
2026-04-03 19:01:45.074,88,1,standing,Стоит,462.8,212.9,531.9,385.7,15,1
2026-04-03 19:01:45.137,89,1,standing,Стоит,459.8,212.6,528.7,386.7,15,1
2026-04-03 19:01:45.198,90,1,standing,Стоит,457.4,213.1,527.5,387.6,15,1
2026-04-03 19:01:45.260,91,1,standing,Стоит,445.9,212.8,527.2,388.7,15,1
2026-04-03 19:01:45.322,92,1,standing,Стоит,440.4,207.9,526.5,389.9,16,1
2026-04-03 19:01:45.383,93,1,standing,Стоит,437.3,207.3,526.3,390.4,15,1
2026-04-03 19:01:45.447,94,1,standing,Стоит,433.8,210.6,526.4,391.1,15,1
2026-04-03 19:01:45.512,95,1,standing,Стоит,431.3,216.0,526.9,391.9,15,1
2026-04-03 19:01:45.570,96,1,standing,Стоит,427.3,217.2,527.2,392.1,16,1
2026-04-03 19:01:45.634,97,1,standing,Стоит,419.6,219.2,528.3,392.4,17,1
2026-04-03 19:01:45.693,98,1,standing,Стоит,419.9,222.3,529.6,393.3,16,1
2026-04-03 19:01:45.756,99,1,standing,Стоит,422.9,224.1,531.5,392.5,15,1
2026-04-03 19:01:45.817,100,1,standing,Стоит,444.7,224.6,533.0,392.9,15,1
2026-04-03 19:01:45.879,101,1,standing,Стоит,454.1,223.4,534.2,393.2,15,1
2026-04-03 19:01:45.942,102,1,standing,Стоит,457.6,221.5,535.9,394.1,15,1
2026-04-03 19:01:45.998,103,1,standing,Стоит,458.1,220.1,537.6,394.0,16,1
2026-04-03 19:01:46.061,104,1,standing,Стоит,437.2,219.0,541.2,394.4,16,1
2026-04-03 19:01:46.121,105,1,standing,Стоит,430.3,216.9,544.7,394.7,17,1
2026-04-03 19:01:46.182,106,1,standing,Стоит,427.0,215.2,547.2,394.4,16,1
2026-04-03 19:01:46.242,107,1,standing,Стоит,428.6,206.4,552.5,393.2,17,1
2026-04-03 19:01:46.286,108,1,standing,Стоит,428.8,210.1,556.1,393.2,16,1
2026-04-03 19:01:46.333,109,1,standing,Стоит,429.7,214.9,558.3,394.0,16,1
2026-04-03 19:01:46.380,110,1,standing,Стоит,441.6,214.9,560.0,395.4,15,1
2026-04-03 19:01:46.441,111,1,standing,Стоит,436.3,208.8,561.0,396.5,15,1
2026-04-03 19:01:46.487,112,1,standing,Стоит,445.9,203.7,561.2,397.7,15,1
2026-04-03 19:01:46.549,113,1,standing,Стоит,449.0,203.8,561.6,399.6,15,1
2026-04-03 19:01:46.611,114,1,standing,Стоит,450.1,203.1,561.8,402.7,15,1
2026-04-03 19:01:46.673,115,1,standing,Стоит,452.6,205.3,561.8,404.8,15,1
2026-04-03 19:01:46.733,116,1,standing,Стоит,455.2,209.4,561.6,407.4,15,1
2026-04-03 19:01:46.794,117,1,standing,Стоит,459.1,214.2,561.6,410.5,15,1
2026-04-03 19:01:46.858,118,1,standing,Стоит,462.3,218.1,560.4,413.6,15,1
2026-04-03 19:01:46.919,119,1,standing,Стоит,464.5,221.8,560.0,414.5,15,1
2026-04-03 19:01:46.966,120,1,standing,Стоит,465.1,224.8,559.1,414.1,15,1
2026-04-03 19:01:47.013,121,1,standing,Стоит,465.5,226.2,558.3,414.4,15,1
2026-04-03 19:01:47.074,122,1,standing,Стоит,466.1,226.6,558.0,414.6,15,1
2026-04-03 19:01:47.124,123,1,standing,Стоит,467.2,226.7,556.9,414.5,15,1
2026-04-03 19:01:47.185,124,1,standing,Стоит,466.9,227.9,555.0,414.6,15,1
2026-04-03 19:01:47.242,125,1,standing,Стоит,465.6,228.3,553.9,414.6,15,1
2026-04-03 19:01:47.292,126,1,standing,Стоит,464.9,226.6,553.4,413.8,14,1
2026-04-03 19:01:47.350,127,1,standing,Стоит,464.1,225.4,553.4,413.4,15,1
2026-04-03 19:01:47.397,128,1,standing,Стоит,462.7,224.4,553.5,413.3,15,1
2026-04-03 19:01:47.456,129,1,standing,Стоит,462.1,223.9,553.5,413.2,15,1
2026-04-03 19:01:47.518,130,1,standing,Стоит,461.1,223.8,553.7,413.1,15,1
2026-04-03 19:01:47.579,131,1,standing,Стоит,458.5,223.0,553.6,413.0,15,1
2026-04-03 19:01:47.629,132,1,standing,Стоит,457.5,222.1,553.3,412.8,15,1
2026-04-03 19:01:47.686,133,1,standing,Стоит,457.8,220.5,553.3,412.5,15,1
2026-04-03 19:01:47.747,134,1,standing,Стоит,459.6,219.5,553.1,412.4,15,1
2026-04-03 19:01:47.807,135,1,standing,Стоит,461.1,218.1,552.8,411.6,14,1
2026-04-03 19:01:47.869,136,1,sitting,Сидит,459.3,217.7,552.1,411.4,15,1
2026-04-03 19:01:47.931,137,1,standing,Стоит,462.2,217.6,551.8,411.5,15,1
2026-04-03 19:01:47.992,138,1,standing,Стоит,463.7,218.3,551.7,411.4,15,1
2026-04-03 19:01:48.054,139,1,standing,Стоит,463.8,218.0,551.1,411.4,15,1
2026-04-03 19:01:48.116,140,1,standing,Стоит,464.2,219.0,551.9,411.6,15,1
2026-04-03 19:01:48.178,141,1,standing,Стоит,463.8,219.0,552.2,411.5,15,1
2026-04-03 19:01:48.237,142,1,standing,Стоит,463.2,218.7,552.8,411.7,15,1
2026-04-03 19:01:48.299,143,1,standing,Стоит,464.2,218.5,553.3,412.4,15,1
2026-04-03 19:01:48.360,144,1,standing,Стоит,464.0,217.2,553.1,412.6,15,1
2026-04-03 19:01:48.424,145,1,standing,Стоит,465.2,217.0,553.4,413.0,14,1
2026-04-03 19:01:48.484,146,1,standing,Стоит,466.3,216.8,553.8,413.0,14,1
2026-04-03 19:01:48.543,147,1,standing,Стоит,467.6,217.3,554.7,413.1,14,1
2026-04-03 19:01:48.606,148,1,standing,Стоит,468.3,216.7,555.1,413.7,14,1
2026-04-03 19:01:48.667,149,1,standing,Стоит,469.7,218.1,556.0,414.6,14,1
2026-04-03 19:01:48.730,150,1,standing,Стоит,470.5,218.1,557.3,414.8,14,1
2026-04-03 19:01:48.790,151,1,standing,Стоит,471.2,218.5,558.9,414.8,14,1
2026-04-03 19:01:48.900,152,1,standing,Стоит,471.9,219.3,560.1,414.5,13,1
2026-04-03 19:01:48.990,153,1,standing,Стоит,472.3,219.8,561.1,414.5,13,1
2026-04-03 19:01:49.052,154,1,standing,Стоит,473.1,221.4,562.5,414.7,13,1
2026-04-03 19:01:49.121,155,1,standing,Стоит,474.2,222.7,564.0,414.9,13,1
2026-04-03 19:01:49.181,156,1,standing,Стоит,475.1,221.9,565.1,415.1,13,1
2026-04-03 19:01:49.239,157,1,standing,Стоит,476.7,221.1,565.7,415.0,13,1
2026-04-03 19:01:49.302,158,1,standing,Стоит,478.0,221.1,566.4,414.9,13,1
2026-04-03 19:01:49.363,159,1,standing,Стоит,478.9,222.9,567.3,415.6,13,1
2026-04-03 19:01:49.426,160,1,standing,Стоит,479.9,224.7,568.7,416.2,13,1
2026-04-03 19:01:49.486,161,1,standing,Стоит,480.3,224.4,569.4,416.5,13,1
2026-04-03 19:01:49.546,162,1,standing,Стоит,480.7,224.4,570.3,416.6,13,1
2026-04-03 19:01:49.608,163,1,standing,Стоит,481.3,223.0,571.0,416.5,13,1
2026-04-03 19:01:49.669,164,1,standing,Стоит,481.5,222.1,571.5,416.8,13,1
2026-04-03 19:01:49.731,165,1,standing,Стоит,481.9,221.8,572.8,416.6,13,1
2026-04-03 19:01:49.796,166,1,standing,Стоит,482.3,220.8,573.4,416.6,13,1
2026-04-03 19:01:49.860,167,1,standing,Стоит,482.8,219.8,574.3,416.5,13,1
2026-04-03 19:01:49.919,168,1,standing,Стоит,484.1,218.5,575.4,415.9,13,1
2026-04-03 19:01:49.976,169,1,standing,Стоит,485.9,217.8,576.1,415.5,13,1
2026-04-03 19:01:50.037,170,1,standing,Стоит,488.4,217.6,576.4,415.6,13,1
2026-04-03 19:01:50.097,171,1,standing,Стоит,489.0,216.8,576.4,415.0,14,1
2026-04-03 19:01:50.159,172,1,standing,Стоит,490.0,216.8,576.7,414.7,13,1
2026-04-03 19:01:50.220,173,1,standing,Стоит,490.7,216.3,577.3,413.8,13,1
2026-04-03 19:01:50.281,174,1,standing,Стоит,491.3,214.9,578.4,412.8,13,1
2026-04-03 19:01:50.342,175,1,standing,Стоит,492.5,214.4,579.5,412.0,13,1
2026-04-03 19:01:50.404,176,1,standing,Стоит,493.7,213.6,580.9,410.8,15,1
2026-04-03 19:01:50.465,177,1,standing,Стоит,495.1,213.3,581.9,410.4,15,1
2026-04-03 19:01:50.643,178,1,standing,Стоит,494.9,212.8,583.0,408.8,15,1
2026-04-03 19:01:50.699,179,1,standing,Стоит,495.6,212.6,583.8,408.4,15,1
2026-04-03 19:01:50.763,180,1,standing,Стоит,496.4,211.5,585.3,408.3,14,1
2026-04-03 19:01:50.820,181,1,standing,Стоит,497.6,211.1,586.2,408.2,14,1
2026-04-03 19:01:50.881,182,1,standing,Стоит,498.1,211.0,586.1,408.0,15,1
2026-04-03 19:01:50.937,183,1,standing,Стоит,499.8,210.0,586.8,407.5,13,1
2026-04-03 19:01:51.001,184,1,standing,Стоит,500.4,209.2,587.4,407.0,13,1
2026-04-03 19:01:51.060,185,1,standing,Стоит,501.2,208.8,588.0,406.1,13,1
2026-04-03 19:01:51.124,186,1,standing,Стоит,501.8,208.9,589.1,405.8,13,1
2026-04-03 19:01:51.197,187,1,standing,Стоит,501.7,209.3,589.6,405.6,13,1
2026-04-03 19:01:51.266,188,1,standing,Стоит,502.1,209.4,590.4,405.4,13,1
2026-04-03 19:01:51.333,189,1,standing,Стоит,502.3,208.9,591.1,405.1,13,1
2026-04-03 19:01:51.398,190,1,standing,Стоит,502.4,208.8,591.7,404.5,13,1
2026-04-03 19:01:51.460,191,1,standing,Стоит,502.5,208.4,592.0,404.4,13,1
2026-04-03 19:01:51.521,192,1,standing,Стоит,502.4,208.7,592.1,404.2,13,1
2026-04-03 19:01:51.582,193,1,standing,Стоит,502.5,208.9,592.3,404.3,13,1
2026-04-03 19:01:51.643,194,1,standing,Стоит,502.1,209.0,592.0,404.4,13,1
2026-04-03 19:01:51.704,195,1,standing,Стоит,501.8,209.4,591.7,404.6,13,1
2026-04-03 19:01:51.765,196,1,standing,Стоит,501.3,209.6,591.2,405.5,13,1
2026-04-03 19:01:51.827,197,1,standing,Стоит,500.9,210.2,590.6,405.9,13,1
2026-04-03 19:01:51.887,198,1,standing,Стоит,500.5,210.2,590.0,405.9,13,1
2026-04-03 19:01:51.948,199,1,standing,Стоит,500.6,209.7,589.4,405.9,13,1
2026-04-03 19:01:52.010,200,1,standing,Стоит,500.8,209.5,589.3,405.9,13,1
2026-04-03 19:01:52.071,201,1,standing,Стоит,500.5,209.1,588.9,405.8,13,1
2026-04-03 19:01:52.132,202,1,standing,Стоит,500.6,207.9,589.2,405.6,13,1
2026-04-03 19:01:52.193,203,1,standing,Стоит,500.4,207.9,589.3,405.6,13,1
2026-04-03 19:01:52.253,204,1,standing,Стоит,500.0,207.6,589.1,405.1,13,1
2026-04-03 19:01:52.318,205,1,standing,Стоит,499.5,207.3,588.5,404.8,13,1
2026-04-03 19:01:52.376,206,1,standing,Стоит,499.6,207.6,588.0,404.7,13,1
2026-04-03 19:01:52.438,207,1,standing,Стоит,499.3,208.1,587.2,404.8,13,1
2026-04-03 19:01:52.499,208,1,standing,Стоит,499.1,208.7,587.0,405.3,13,1
2026-04-03 19:01:52.561,209,1,standing,Стоит,499.2,209.8,587.0,405.9,13,1
2026-04-03 19:01:52.622,210,1,standing,Стоит,498.7,210.5,586.6,407.2,13,1
2026-04-03 19:01:52.683,211,1,standing,Стоит,497.6,211.0,585.7,407.8,15,1
2026-04-03 19:01:52.747,212,1,standing,Стоит,496.7,211.1,585.7,408.1,14,1
2026-04-03 19:01:52.808,213,1,standing,Стоит,496.8,211.1,586.5,408.1,14,1
2026-04-03 19:01:52.874,214,1,standing,Стоит,496.9,211.0,587.4,408.2,14,1
2026-04-03 19:01:52.932,215,1,standing,Стоит,496.2,210.5,587.9,407.9,14,1
2026-04-03 19:01:52.981,216,1,standing,Стоит,496.2,210.3,588.1,407.7,14,1
2026-04-03 19:01:53.037,217,1,standing,Стоит,496.3,210.0,587.7,407.7,14,1
2026-04-03 19:01:53.099,218,1,standing,Стоит,496.2,210.0,587.1,407.8,14,1
2026-04-03 19:01:53.172,219,1,standing,Стоит,496.4,209.9,586.6,408.0,14,1
2026-04-03 19:01:53.250,220,1,standing,Стоит,496.6,209.4,587.1,407.3,14,1
2026-04-03 19:01:53.326,221,1,standing,Стоит,496.9,208.8,587.6,406.2,13,1
2026-04-03 19:01:53.401,222,1,standing,Стоит,496.8,208.5,588.3,405.6,13,1
2026-04-03 19:01:53.479,223,1,standing,Стоит,497.3,208.2,589.7,405.3,13,1
